soft_total	sfs	unique	soft_unique	soft
1531.0	32.79754601226994	0.8978675645342312	1.5676028739386023	mg
5195.0	35.22699386503067	20.838009726898616	10.721847930702598	asm
5835.0	15.128834355828221	47.362514029180694	21.696658097686374	svim
2634.0	10.871165644171779	12.083800972689861	12.262718299164769	sniffles
2898.0	5.975460122699387	18.817807706696595	17.3567977915804	vulcan
